<?xml version="1.0" encoding="UTF-8" standalone="yes"?>
<addon id="plugin.video.allianceloader"
       name="Allianceloader"
       version="2.8.4"
       provider-name="Alliance Group">
  <requires>
    <import addon="xbmc.python" version="2.1.0"/>
    <import addon="script.module.beautifulsoup" version="3.2.1"/>
    <import addon="script.module.simple.downloader" version="0.9.4"/>
    <import addon="script.module.requests" />
    <import addon="script.module.httplib2" />
    <import addon="script.module.liveresolver" version="0.1.24" optional="true"/>
    <import addon="script.module.youtube.dl" optional="true"/>
    <import addon="plugin.video.youtube" optional="true" />
    <import addon="script.module.resolveurl" optional="true"/>
    <import addon="script.module.simplejson" />    
    <import addon="script.module.livestreamer" optional="true"/>
    <import addon="script.module.slproxy" optional="true"/>
    <import addon="script.module.pyamf" optional="true"/>
  </requires>
  <extension point="xbmc.python.pluginsource" library="default.py">
    <provides>video</provides>
  </extension>


  <extension point="xbmc.addon.metadata">
    <summary>Forked from livestream-pro - Needed for Alliance</summary>
    <description>
        Needed for Alliance to work in some sections. Do Not Delete or Alliance Addon will not work propertly.        
    </description>
    <platform>all</platform>
  </extension>
</addon>
