<?xml version="1.0" encoding="UTF-8"?>
<addon
  id="plugin.video.Sportevil"
  version="1.1.0"
  name="Sportevil"
  provider-name="Team Alliance">
  <requires>
   <import addon="xbmc.python" version="2.14.0"/>
   <import addon="script.module.dateutil" />
   <import addon="script.module.simplejson" />
   <import addon="script.module.six" />
   <import addon="script.module.requests" />   
   <import addon="plugin.video.f4mTester" />
   <import addon="script.module.slproxy" />
   <import addon="script.module.tvone1111" />
  </requires>
  <extension 
    point="xbmc.python.pluginsource"
    library="default.py">
   <provides>video</provides>
  </extension>
  <!-- <extension point="xbmc.service" library="service/streamlink_proxy.py" /> -->
  <extension point="xbmc.addon.metadata">
    <summary lang="en">Sportevil</summary>
    <description lang="en">There can only be one. If You break You FIX IT. Unofficial Kodi Addon.</description>
    <disclaimer lang="en">There can only be one. Addon Needed for some Kodi Builds , Addons and Live Streams. If you brake you fix it. Forked from SportsDevil to prevent versions conflicts with different versions and repositories.</disclaimer>
    <license>GNU GENERAL PUBLIC LICENSE. Version 2, June 1991</license>
    <platform>all</platform>
  </extension>
</addon>
