<?xml version="1.0" encoding="UTF-8"?>
    <addon id="repository.trident" name="Team Trident Repo" version="0.1.0" provider-name="Team Trident">
        <requires>
            <import addon="xbmc.addon" version="12.0.0"/>
        </requires>
        <extension point="xbmc.addon.repository" name="Team Trident Repo">
            <info compressed="false">http://repo.trident.fun/_repo/addons.xml</info>
            <checksum>http://repo.trident.fun/_repo/addons.xml.md5</checksum>
            <datadir zip="true">http://repo.trident.fun/_repo/</datadir>
            <hashes>false</hashes>
        </extension>
        <extension point="xbmc.addon.metadata">
            <summary>Bits and bobs to do some jobs.</summary>
            <description>Flotsam and jetsam come in and get some.</description>
            <platform>all</platform>
    </extension>
</addon>