<?xml version="1.0" encoding="UTF-8"?>
<addon id="repository.geektvpr_box" name="GeekTv Box Repo" version="1.0.0" provider-name="GeekTv Media Group">
	<requires>
            <import addon="xbmc.addon" version="12.0.0"/>
    </requires>
	<extension point="xbmc.addon.repository" name="GeekTv Box Repo">
				<dir>
            <info compressed="false">https://raw.githubusercontent.com/totalrevolution/python-koding/master/zips/addons.xml</info>
            <checksum>https://raw.githubusercontent.com/totalrevolution/python-koding/master/zips/addons.xml.md5</checksum>
            <datadir zip="true">https://raw.githubusercontent.com/totalrevolution/python-koding/master/zips/</datadir>
            </dir>
        <dir>
            <info compressed="false">https://raw.githubusercontent.com/teamuniversal/scrapers/master/_modules4all/zips/addons.xml</info>
            <checksum>https://raw.githubusercontent.com/teamuniversal/scrapers/master/_modules4all/zips/addons.xml.md5</checksum>
            <datadir zip="true">https://raw.githubusercontent.com/teamuniversal/scrapers/master/_modules4all/zips/</datadir>
            </dir>
        <dir>
			<info compressed="false">https://raw.githubusercontent.com/intrcomp/GeekTvPR/master/addons.xml</info>
			<checksum>https://raw.githubusercontent.com/intrcomp/GeekTvPR/master/addons.xml.md5</checksum>
			<datadir zip="true">https://github.com/intrcomp/GeekTvPR/raw/master/zips</datadir>
			</dir>
		<dir>
			<info compressed="false">https://github.com/tvaddonsco/tva-resolvers-repo/raw/master/addons.xml</info>
        	<checksum>https://github.com/tvaddonsco/tva-resolvers-repo/raw/master/addons.xml.md5</checksum>
        	<datadir zip="true">https://github.com/tvaddonsco/tva-resolvers-repo/raw/master/zips/</datadir>
			</dir>	
		<dir>
        	<info compressed="false">https://raw.githubusercontent.com/jsergio123/zips/master/addons.xml</info>
        	<checksum>https://raw.githubusercontent.com/jsergio123/zips/master/addons.xml.md5</checksum>
        	<datadir zip="true">https://raw.githubusercontent.com/jsergio123/zips/master/</datadir>
			</dir>
	      
       <dir>
            <info compressed="true">https://github.com/zach-morris/repository.zachmorris/raw/master/addons.xml</info>
        <checksum>https://github.com/zach-morris/repository.zachmorris/raw/master/addons.xml.md5</checksum>
        <datadir zip="true">https://raw.githubusercontent.com/zach-morris/repository.zachmorris/master/</datadir>
        </dir>
        <dir>
            <info>https://github.com/alfa-addon/alfa-repo/raw/master/addons.xml</info>
        <checksum>https://github.com/alfa-addon/alfa-repo/raw/master/addons.xml.md5</checksum>
        <datadir zip="true">https://github.com/alfa-addon/alfa-repo/raw/master</datadir>
        </dir>
         <dir>
            <info compressed="false">https://raw.githubusercontent.com/tubestrending/john/master/addons.xml</info>
            <checksum>https://raw.githubusercontent.com/tubestrending/john/master/addons.xml.md5</checksum>
            <datadir zip="true">https://raw.githubusercontent.com/tubestrending/john/master/</datadir>
        </dir>
        
       <dir>
		<info compressed="false">https://raw.githubusercontent.com/duncanh52/modrepo/master/addons.xml</info>
		<checksum>https://raw.githubusercontent.com/duncanh52/modrepo/master/addons.xml.md5</checksum>
		<datadir zip="true">https://raw.githubusercontent.com/duncanh52/modrepo/master/plugins/</datadir>
	</dir>
	
        <dir>
        	<info compressed="false">https://raw.githubusercontent.com/jenaddon/repository.jenrepo/master/zips/addons.xml</info>
            <checksum>https://raw.githubusercontent.com/jenaddon/repository.jenrepo/master/zips/addons.xml.md5</checksum>
            <datadir zip="true">https://raw.githubusercontent.com/jenaddon/repository.jenrepo/master/zips/</datadir>
        </dir>
		<dir>
            <info compressed="false">https://raw.githubusercontent.com/Twilight0/repo.twilight0.libs/master/_zips/addons.xml</info>
            <checksum>https://raw.githubusercontent.com/Twilight0/repo.twilight0.libs/master/_zips/addons.xml.md5</checksum>
            <datadir zip="true">https://raw.githubusercontent.com/Twilight0/repo.twilight0.libs/master/_zips/</datadir>
        </dir>
		<dir>
		<info compressed="false">http://grecotm.com/bugatsinho/addons.xml</info>
        <checksum>http://grecotm.com/bugatsinho/addons.xml.md5</checksum>
        <datadir zip="true">http://grecotm.com/bugatsinho/_zips</datadir>
        <hashes>false</hashes>
		</dir>
		<dir>
		<info compressed="false">https://raw.githubusercontent.com/gentec1/oTTtv/master/addons.xml</info>
        <checksum>https://raw.githubusercontent.com/gentec1/oTTtv/master/addons.xml.md5</checksum>
        <datadir zip="true">https://raw.github.com/gentec1/oTTtv/master/</datadir>
	</dir>
	<dir>
	<info compressed="false">http://gen-tec.co/gentecwiz/NEW%20REPO%20FOR%20GENTEC%20WIZARD/Repo/addons.xml</info>
		<checksum>http://gen-tec.co/gentecwiz/NEW%20REPO%20FOR%20GENTEC%20WIZARD/Repo/addons.xml.md5</checksum>
		<datadir zip="true">http://gen-tec.co/gentecwiz/NEW%20REPO%20FOR%20GENTEC%20WIZARD/Repo/</datadir>
	</dir>
	<dir>
		    <info compressed="false">http://theunjudged.xyz/Repo/addons.xml</info>
		    <checksum>http://theunjudged.xyz/Repo/addons.xml.md5</checksum>
		    <datadir zip="true">http://theunjudged.xyz/Repo/</datadir>
		</dir>
		<dir>
            <info compressed="false">http://lillywhiteyid.tk/oka/addons/addons.xml</info>
            <checksum>http://lillywhiteyid.tk/oka/addons/addons.xml.md5</checksum>
            <datadir zip="true">http://lillywhiteyid.tk/oka/addons/</datadir>
        </dir>
		  <dir>
		    <info compressed="false">http://lockzone.in/zips/addons.xml</info>
		    <checksum>http://lockzone.in/zips/addons.xml.md5</checksum>
		    <datadir zip="true">http://lockzone.in/zips/</datadir>
	    </dir>
		<dir>
		<info compressed="false">https://loopaddon.uk/zips/addons.xml</info>
		<checksum>https://loopaddon.uk/zips/addons.xml.md5</checksum>
		<datadir zip="true">https://loopaddon.uk/zips/</datadir>
	</dir>
	<dir>
	<info compressed="false">https://raw.githubusercontent.com/Wilson-Magic/repository.magicality/master/zips/addons.xml</info>
		<checksum>https://raw.githubusercontent.com/Wilson-Magic/repository.magicality/master/zips/addons.xml.md5</checksum>
		<datadir zip="true">https://raw.githubusercontent.com/Wilson-Magic/repository.magicality/master/zips</datadir>
		</dir>
		<dir>
		<info compressed="false">https://raw.githubusercontent.com/Maverick53/modrepo/master/addons.xml</info>
		<checksum>https://raw.githubusercontent.com/Maverick53/modrepo/master/addons.xml.md5</checksum>
		<datadir zip="true">https://raw.githubusercontent.com/Maverick53/modrepo/master/plugins/</datadir>
	</dir>
	<dir>
	<info compressed="false">https://raw.githubusercontent.com/Maverick53/repo/master/addons.xml</info>
		<checksum>https://raw.githubusercontent.com/Maverick53/repo/master/addons.xml.md5</checksum>
		<datadir zip="true">https://raw.githubusercontent.com/Maverick53/repo/master/plugins/</datadir>
		</dir>
		<dir>
		<info compressed="false">http://mayfairguides.net/git/addons.xml</info>
        <checksum>http://mayfairguides.net/git/addons.xml.md5</checksum>
        <datadir zip="true">http://mayfairguides.net/git/zips/</datadir>
		</dir>
		<dir>
            <info compressed="false">https://raw.githubusercontent.com/PureRepo1/PureRepo1/master/Zips/addons.xml</info>
            <checksum>https://raw.githubusercontent.com/PureRepo1/PureRepo1/master/Zips/addons.xml.md5</checksum>
            <datadir zip="true">https://raw.githubusercontent.com/PureRepo1/PureRepo1/master/Zips/</datadir>
		</dir>
		<dir>
		 <info compressed="false">http://resistance.es/repo/addons.xml</info>
            <checksum>http://resistance.es/repo/addons.xml.md5</checksum>
            <datadir zip="true">http://resistance.es/repo/</datadir>
			</dir>
			<dir>
			<info compressed="false">http://supremacy.org.uk/zip/plugin/addon.xml</info>
		<checksum>http://supremacy.org.uk/zip/plugin/addons.xml.md5</checksum>
		<datadir zip="true">http://supremacy.org.uk/zip/plugin/</datadir>
		</dir>
		<dir>
		<info compressed="false">https://raw.githubusercontent.com/mancave22/tvkings/master/zips/addons.xml</info>
			<checksum>https://raw.githubusercontent.com/mancave22/tvkings/master/zips/addons.xml.md5</checksum>
			<datadir zip="true">https://raw.githubusercontent.com/mancave22/tvkings/master/zips/</datadir>
			</dir>
			<dir>
			<info compressed="false">https://addoncloud.org/ukturk/install/repo/addons.xml</info>
        <checksum>https://addoncloud.org/ukturk/install/repo/addons.xml.md5</checksum>
        <datadir zip="true">https://addoncloud.org/ukturk/install/repo/</datadir>
		</dir>
		<dir>
			<info compressed="false">http://bossbuilds.club/roland/wod/addons.xml</info>
			<checksum>http://bossbuilds.club/roland/wod/addons.xml.md5</checksum>
			<datadir zip="true">http://bossbuilds.club/roland/wod/</datadir>
		</dir>
        
	</extension>
	<extension point="xbmc.addon.metadata">
		<summary>Repositorio GeekTvPR Media</summary>
		<description>GeekTvPR Media es un repositorio con el fin de facilitar la instalacion de addons y repositorios para sus usuarios. De esta manera los addons son automaticamente actualizados. Cada addon y repositorio tienen sus dueños. Todos los creditos de los addons son para sus creadores. Si Usted tiene un addon y no tiene un Host donde alojarlo con mucho gusto lo puede alojar en este repo si es de su interés. Me pueden enviar email a intrcomp@gmail.com y con mucho gusto le ayudare. La meta de GeekTvPR Media es unir a la commnidad especialmente Latina en esta plataforma Open Source. Todo el contenido alojado es encontrado en lugares publicos en el internet, hacemos uso de  la Licencia GNU GPL v3.0. Gracias a todos por su Apoyo</description>
		<platform>all</platform>
	</extension>
</addon>
